{"cameraMode":{"drawMode":0,"name":"Shaded","section":"Shading Mode"},"sceneLighting":false,"audioPlay":false,"sceneViewState":{"showFog":true,"showMaterialUpdate":false,"showSkybox":false,"showFlares":true,"showImageEffects":true,"showParticleSystems":true},"in2DMode":false,"pivot":{"x":401.3011474609375,"y":228.82907104492188,"z":0.10451927781105042},"rotation":{"x":-0.03299427032470703,"y":-0.0008986207540147007,"z":-0.000029823057047906332,"w":0.9994654655456543},"size":0.8159229159355164,"orthographic":false}