{"cameraMode":{"drawMode":0,"name":"Shaded","section":"Shading Mode"},"sceneLighting":false,"audioPlay":false,"sceneViewState":{"showFog":true,"showMaterialUpdate":false,"showSkybox":false,"showFlares":true,"showImageEffects":true,"showParticleSystems":true},"in2DMode":false,"pivot":{"x":0.005123496055603027,"y":-0.0721784234046936,"z":0.015567243099212647},"rotation":{"x":0.25256046652793887,"y":-0.4235976040363312,"z":0.12425775080919266,"w":0.8610759377479553},"size":2.726814031600952,"orthographic":false}