{"cameraMode":{"drawMode":0,"name":"Shaded","section":"Shading Mode"},"sceneLighting":false,"audioPlay":false,"sceneViewState":{"showFog":true,"showMaterialUpdate":false,"showSkybox":false,"showFlares":true,"showImageEffects":true,"showParticleSystems":true},"in2DMode":false,"pivot":{"x":0.1986628770828247,"y":0.625049352645874,"z":-0.3718757629394531},"rotation":{"x":-0.1981894075870514,"y":0.4157147705554962,"z":-0.09325917810201645,"w":-0.8827938437461853},"size":2.329206705093384,"orthographic":false}