{"cameraMode":{"drawMode":0,"name":"Shaded","section":"Shading Mode"},"sceneLighting":false,"audioPlay":false,"sceneViewState":{"showFog":true,"showMaterialUpdate":false,"showSkybox":false,"showFlares":true,"showImageEffects":true,"showParticleSystems":true},"in2DMode":false,"pivot":{"x":-0.7492271661758423,"y":2.2773985862731935,"z":3.1600000858306886},"rotation":{"x":-0.20283368229866029,"y":-0.20193159580230714,"z":0.042847853153944018,"w":-0.9572696089744568},"size":1.732050895690918,"orthographic":false}