{"cameraMode":{"drawMode":0,"name":"Shaded","section":"Shading Mode"},"sceneLighting":false,"audioPlay":false,"sceneViewState":{"showFog":true,"showMaterialUpdate":false,"showSkybox":false,"showFlares":true,"showImageEffects":true,"showParticleSystems":true},"in2DMode":false,"pivot":{"x":-0.7492271661758423,"y":2.2773985862731935,"z":1.1606957912445069},"rotation":{"x":-0.1725790798664093,"y":-0.8268370032310486,"z":0.39517292380332949,"w":-0.3612533211708069},"size":1.732050895690918,"orthographic":false}